{
  "project_info": {
    "project_number": "474728773756",
    "project_id": "notes-app-61da8",
    "storage_bucket": "notes-app-61da8.appspot.com"
  },
  "client": [
    {
      "client_info": {
        "mobilesdk_app_id": "1:474728773756:android:f35690bb7af2e7b02031f9",
        "android_client_info": {
          "package_name": "freecode.notes.app"
        }
      },
      "oauth_client": [
        {
          "client_id": "474728773756-c7js8c9d2psdn4q5i83tt89fkech4cnh.apps.googleusercontent.com",
          "client_type": 3
        }
      ],
      "api_key": [
        {
          "current_key": "AIzaSyDaDMUK-nVxWvgnoxCT_0wBYbcWfduenVg"
        }
      ],
      "services": {
        "appinvite_service": {
          "other_platform_oauth_client": [
            {
              "client_id": "474728773756-c7js8c9d2psdn4q5i83tt89fkech4cnh.apps.googleusercontent.com",
              "client_type": 3
            }
          ]
        }
      }
    },
    {
      "client_info": {
        "mobilesdk_app_id": "1:474728773756:android:93403c4bf909ae8e2031f9",
        "android_client_info": {
          "package_name": "notesapp.notes.app"
        }
      },
      "oauth_client": [
        {
          "client_id": "474728773756-c7js8c9d2psdn4q5i83tt89fkech4cnh.apps.googleusercontent.com",
          "client_type": 3
        }
      ],
      "api_key": [
        {
          "current_key": "AIzaSyDaDMUK-nVxWvgnoxCT_0wBYbcWfduenVg"
        }
      ],
      "services": {
        "appinvite_service": {
          "other_platform_oauth_client": [
            {
              "client_id": "474728773756-c7js8c9d2psdn4q5i83tt89fkech4cnh.apps.googleusercontent.com",
              "client_type": 3
            }
          ]
        }
      }
    }
  ],
  "configuration_version": "1"
}